{
    "expert_3": {
        "l2_norms": [
            1.7595636413354012,
            0.2671352113605867
        ],
        "regret": [
            0.3451825725899851,
            8.24406809419008e-05
        ],
        "kl_divergence": [
            0.1843618385408421,
            0.0005515842796935225
        ]
    },
    "best_response_3": {
        "l2_norms": [
            0.35627114917562847,
            1.8483944358909152
        ],
        "regret": [
            1.9457611964197035,
            2.664758209165681
        ],
        "kl_divergence": [
            0.009261561973155665,
            0.6546646290258217
        ]
    },
    "expert_10": {
        "l2_norms": [
            2.4516886895847056,
            2.4558005422626215
        ],
        "regret": [
            1.6063116094281358,
            2.715917306837335
        ],
        "kl_divergence": [
            0.9313835461962564,
            1.8781543340657845
        ]
    },
    "best_response_10": {
        "l2_norms": [
            2.14622792160112,
            2.803581333834855
        ],
        "regret": [
            0.45873849100351993,
            2.2304588823112237
        ],
        "kl_divergence": [
            0.8138740237526159,
            0.2855829708796201
        ]
    }
}