{
    "expert_3": {
        "l2_norms": [
            1.444172567451405,
            2.405576838851744
        ],
        "regret": [
            2.4929374455192868,
            3.3469087019672106
        ],
        "kl_divergence": [
            0.5864605658823381,
            0.4156973873581498
        ]
    },
    "best_response_3": {
        "l2_norms": [
            2.0642618915522477,
            1.3216001482051911
        ],
        "regret": [
            3.473400347570845,
            4.739138442434857
        ],
        "kl_divergence": [
            0.4570864254881276,
            0.20246568321263678
        ]
    },
    "expert_10": {
        "l2_norms": [
            2.2681316012208126,
            4.415093513291474
        ],
        "regret": [
            5.9964597999098626,
            8.482839105394435
        ],
        "kl_divergence": [
            0.7742110284255648,
            2.01345229024425
        ]
    },
    "best_response_10": {
        "l2_norms": [
            2.4967101990332634,
            3.4157199464011865
        ],
        "regret": [
            1.9846496283650958,
            2.94770708319523
        ],
        "kl_divergence": [
            0.6248436788930931,
            1.1683059826506652
        ]
    }
}